circuit_key,compound_rank,estimator,estimator_order,wear_s_per_lap,se_s_per_lap,laps,stints,races
albert_park,HARDEST,Naive,1,0.04415447268281883,0.002535427588130137,1728,78,4
albert_park,MIDDLE,Naive,1,0.0020483066094984376,0.003154706780904008,1507,75,5
albert_park,SOFTEST,Naive,1,0.01683835658613225,0.004936899051903082,841,65,5
bahrain,HARDEST,Naive,1,0.10500473847235933,0.0027890317750867664,1485,85,6
bahrain,MIDDLE,Naive,1,0.11159942317831693,0.0024975888692324896,2612,155,7
bahrain,SOFTEST,Naive,1,0.14177841278123743,0.004034184561994308,1992,189,7
bahrain_outer,HARDEST,Naive,1,0.031603850892857444,0.002506350770353838,271,13,1
bahrain_outer,MIDDLE,Naive,1,0.024365662941428987,0.0019162337995265316,587,24,1
bahrain_outer,SOFTEST,Naive,1,0.01822939456855058,0.003080469573537932,329,18,1
baku,HARDEST,Naive,1,0.008242642545244348,0.005437372774057847,1877,80,4
baku,MIDDLE,Naive,1,0.013189400742090374,0.003071879529139241,2330,113,7
baku,SOFTEST,Naive,1,-0.02405815357104933,0.0067610453219427765,864,93,6
catalunya,HARDEST,Naive,1,0.05272567666885294,0.002597123935381972,2152,98,8
catalunya,MIDDLE,Naive,1,0.06178750163266285,0.0019180397474384105,3901,193,9
catalunya,SOFTEST,Naive,1,0.058001345834719914,0.002239421983782887,3549,247,9
cota,HARDEST,Naive,1,0.06056420247338123,0.002196871633849914,2893,137,7
cota,MIDDLE,Naive,1,0.05997742759114821,0.0023764968842665242,2413,157,7
cota,SOFTEST,Naive,1,0.05628159434689084,0.004284274258088786,720,43,6
hockenheim,HARDEST,Naive,1,0.1580163117967461,0.04092246750155239,151,9,1
hockenheim,MIDDLE,Naive,1,0.0353654449625073,0.00946757121562053,179,12,1
hockenheim,SOFTEST,Naive,1,-0.03627176662502397,0.015068607171143826,144,13,1
hungaroring,HARDEST,Naive,1,0.05323786890518684,0.0016597757893804675,4415,157,8
hungaroring,MIDDLE,Naive,1,0.03415843186460211,0.0019972161253463696,3781,174,8
hungaroring,SOFTEST,Naive,1,0.03963123883740164,0.00460860483149344,1229,80,8
imola,HARDEST,Naive,1,0.03292028792513036,0.0027720392937929717,1097,35,3
imola,MIDDLE,Naive,1,0.004369035465803186,0.0026689046873269806,2121,91,4
imola,SOFTEST,Naive,1,0.02345719812063316,0.004408023115093672,505,47,4
interlagos,HARDEST,Naive,1,0.03249519143346032,0.0025830174319621535,1298,52,5
interlagos,MIDDLE,Naive,1,0.04404756017471081,0.0016310619711573206,2492,141,5
interlagos,SOFTEST,Naive,1,0.03618338347130594,0.002293470938364863,1494,98,5
jeddah,HARDEST,Naive,1,-0.047069456812145236,0.020462358707363605,1280,48,3
jeddah,MIDDLE,Naive,1,-0.024625453801248715,0.010248057229751528,1731,98,5
jeddah,SOFTEST,Naive,1,0.031662680152234224,0.004110598005692905,544,43,5
las_vegas,HARDEST,Naive,1,0.03981411603644033,0.004750216031291067,1156,65,2
las_vegas,MIDDLE,Naive,1,0.038109386581717045,0.004261779990052673,843,54,3
las_vegas,SOFTEST,Naive,1,0.03519727209424371,0.00512118982063286,243,17,3
lusail,HARDEST,Naive,1,0.02320263327094048,0.0034404351281699603,1170,73,4
lusail,MIDDLE,Naive,1,0.009266526385191813,0.0024382368404940445,1868,119,4
lusail,SOFTEST,Naive,1,-0.035980665376999406,0.010084754551885212,292,22,4
miami,HARDEST,Naive,1,0.020701366731886623,0.0018177980706839585,2096,74,4
miami,MIDDLE,Naive,1,0.020996246585657248,0.002813188300674036,1727,105,5
miami,SOFTEST,Naive,1,0.024706936633868838,0.005618983548497356,336,30,5
monaco,HARDEST,Naive,1,0.020878243033576663,0.002853964418407932,3313,90,6
monaco,MIDDLE,Naive,1,0.01785195891355247,0.002837685625594082,2600,92,6
monaco,SOFTEST,Naive,1,0.03274107063458362,0.0031626340385637617,1284,76,6
monza,HARDEST,Naive,1,0.022690381090074218,0.004532772605712542,1628,70,5
monza,MIDDLE,Naive,1,-0.014880630941494109,0.009434375646685847,2499,125,7
monza,SOFTEST,Naive,1,0.01960276910663145,0.009241323826824337,1546,95,6
nurburgring,MIDDLE,Naive,1,0.06294298952542098,0.007328724875001419,356,22,1
nurburgring,SOFTEST,Naive,1,-0.005698734924187489,0.0070482101007830885,320,26,1
paul_ricard,HARDEST,Naive,1,0.030311770804360337,0.002873840787774033,1442,51,3
paul_ricard,MIDDLE,Naive,1,0.036394767385009054,0.0028587775698330725,1366,74,4
paul_ricard,SOFTEST,Naive,1,0.042599800889206785,0.003830328222889689,571,36,4
portimao,HARDEST,Naive,1,0.01383944067369891,0.0030344516822764546,765,25,2
portimao,MIDDLE,Naive,1,-0.006882187899889118,0.0029670474440105826,1197,38,2
portimao,SOFTEST,Naive,1,-0.025684329009024873,0.00708940172926078,338,20,2
red_bull_ring,HARDEST,Naive,1,0.03790963904690367,0.003488168578689625,5467,199,10
red_bull_ring,MIDDLE,Naive,1,0.031261095593676014,0.0021905137541740334,4840,232,11
red_bull_ring,SOFTEST,Naive,1,0.03640866938746731,0.009666162616321337,1624,96,10
rodriguez,HARDEST,Naive,1,0.013685159993047097,0.0035110798919140936,3585,111,7
rodriguez,MIDDLE,Naive,1,0.01332857934553442,0.005141488617356014,3225,140,7
rodriguez,SOFTEST,Naive,1,0.05330263902549888,0.002566170321610813,1104,58,7
shanghai,HARDEST,Naive,1,0.021340428919483952,0.002230557784981836,1503,74,4
shanghai,MIDDLE,Naive,1,0.02502494649058456,0.0017342664145013,1749,107,5
shanghai,SOFTEST,Naive,1,0.021038752306383076,0.0026716158352414667,500,49,5
silverstone,HARDEST,Naive,1,0.018422222096869258,0.0035309246351600924,2018,103,7
silverstone,MIDDLE,Naive,1,0.07416644233679646,0.00478271248260638,2228,144,7
silverstone,SOFTEST,Naive,1,0.037715794006206935,0.004786252449216645,878,74,7
singapore,HARDEST,Naive,1,0.04123561292880562,0.0034794433562026638,2285,80,5
singapore,MIDDLE,Naive,1,0.02579620719047925,0.0029598235455848727,1951,83,5
singapore,SOFTEST,Naive,1,0.026197116295736927,0.009016242070131112,724,48,5
sochi,HARDEST,Naive,1,0.010924951533283739,0.004015728058639359,1225,38,3
sochi,MIDDLE,Naive,1,0.02252426419885553,0.005081752677410483,1283,66,4
sochi,SOFTEST,Naive,1,-0.012726128433444594,0.008344511982315242,720,48,4
spa,HARDEST,Naive,1,0.0634577351800702,0.003564288793561604,1442,78,6
spa,MIDDLE,Naive,1,0.09375004129982126,0.003972275603574844,1927,143,8
spa,SOFTEST,Naive,1,0.0558892922291655,0.0033787204859192393,1747,112,8
suzuka,HARDEST,Naive,1,0.06197306500311034,0.003011181177840936,1466,62,4
suzuka,MIDDLE,Naive,1,0.05055842457884663,0.002478800187186287,1779,93,5
suzuka,SOFTEST,Naive,1,0.06705494092636848,0.0037846286962109938,1000,69,5
villeneuve,HARDEST,Naive,1,0.018567522270709482,0.001485456088876392,2415,69,4
villeneuve,MIDDLE,Naive,1,0.014668511553407874,0.0014852288921970594,2927,125,6
villeneuve,SOFTEST,Naive,1,0.00640958766540596,0.003324036757138577,1018,80,6
yas_marina,HARDEST,Naive,1,0.03290629720815732,0.0016024965069447088,4100,145,7
yas_marina,MIDDLE,Naive,1,0.05272712588743517,0.0020113223822864853,2775,162,8
yas_marina,SOFTEST,Naive,1,0.06028711045297349,0.005239139316168401,641,60,8
zandvoort,HARDEST,Naive,1,0.04009042219486917,0.002143174878876554,1932,72,5
zandvoort,MIDDLE,Naive,1,0.039319475138883515,0.0027301050168552906,1868,89,5
zandvoort,SOFTEST,Naive,1,-0.040651310695605736,0.011264229313731762,1664,112,5
albert_park,HARDEST,Fixed effects,2,0.03799928980782122,0.0027418335806778694,1728,78,4
albert_park,MIDDLE,Fixed effects,2,0.009643419161882584,0.003235008296323813,1507,75,5
albert_park,SOFTEST,Fixed effects,2,0.014330744134939883,0.004520200109080536,841,65,5
bahrain,HARDEST,Fixed effects,2,0.10275983584456434,0.00342134782364985,1485,85,6
bahrain,MIDDLE,Fixed effects,2,0.10731949679426733,0.0027244966469455764,2612,155,7
bahrain,SOFTEST,Fixed effects,2,0.11200990862085226,0.004495904791171927,1992,189,7
bahrain_outer,HARDEST,Fixed effects,2,0.03111067631733632,0.0028844037713356935,271,13,1
bahrain_outer,MIDDLE,Fixed effects,2,0.02732986603909266,0.001980328249915967,587,24,1
bahrain_outer,SOFTEST,Fixed effects,2,0.01604597669720299,0.0036272786358423365,329,18,1
baku,HARDEST,Fixed effects,2,0.0029313731234592013,0.004751984476329221,1877,80,4
baku,MIDDLE,Fixed effects,2,0.013853297572137461,0.002857722959959976,2330,113,7
baku,SOFTEST,Fixed effects,2,0.013650107759023575,0.005074952917109349,864,93,6
catalunya,HARDEST,Fixed effects,2,0.04954665741907519,0.00266046180713333,2152,98,8
catalunya,MIDDLE,Fixed effects,2,0.0624392485044518,0.001822299266613449,3901,193,9
catalunya,SOFTEST,Fixed effects,2,0.06678429576285135,0.002454018288172908,3549,247,9
cota,HARDEST,Fixed effects,2,0.0539379399247543,0.0021619261901958463,2893,137,7
cota,MIDDLE,Fixed effects,2,0.05983357687585376,0.0027280637493309555,2413,157,7
cota,SOFTEST,Fixed effects,2,0.052235507270884655,0.005766316728489472,720,43,6
hockenheim,HARDEST,Fixed effects,2,0.08414236230433275,0.05341949887167884,151,9,1
hockenheim,MIDDLE,Fixed effects,2,0.02842321120806502,0.006402370152068908,179,12,1
hockenheim,SOFTEST,Fixed effects,2,0.017593100050805235,0.012464011759725903,144,13,1
hungaroring,HARDEST,Fixed effects,2,0.04886457349279375,0.001549984981481658,4415,157,8
hungaroring,MIDDLE,Fixed effects,2,0.03899576211317141,0.001830055132161783,3781,174,8
hungaroring,SOFTEST,Fixed effects,2,0.04726925294139313,0.0037750314710418976,1229,80,8
imola,HARDEST,Fixed effects,2,0.028587161365422636,0.0024882687589823944,1097,35,3
imola,MIDDLE,Fixed effects,2,0.0295011872208112,0.0021956565990680185,2121,91,4
imola,SOFTEST,Fixed effects,2,0.025294886209028235,0.0036508453649592067,505,47,4
interlagos,HARDEST,Fixed effects,2,0.029651943969441517,0.002330654528626911,1298,52,5
interlagos,MIDDLE,Fixed effects,2,0.04761462454282562,0.0015581338990234607,2492,141,5
interlagos,SOFTEST,Fixed effects,2,0.04018294218934358,0.0023662037661684025,1494,98,5
jeddah,HARDEST,Fixed effects,2,-0.004714775763436228,0.018536608961777497,1280,48,3
jeddah,MIDDLE,Fixed effects,2,0.009703399381202496,0.009432227149429704,1731,98,5
jeddah,SOFTEST,Fixed effects,2,0.017525848649934454,0.0028227122181024348,544,43,5
las_vegas,HARDEST,Fixed effects,2,0.052912055282073774,0.004666919677724658,1156,65,2
las_vegas,MIDDLE,Fixed effects,2,0.03210432927347678,0.004265498047228163,843,54,3
las_vegas,SOFTEST,Fixed effects,2,0.03205049112629996,0.005733599631907534,243,17,3
lusail,HARDEST,Fixed effects,2,0.01319386955382911,0.0034445964026738993,1170,73,4
lusail,MIDDLE,Fixed effects,2,0.010234084404714999,0.0030550255185109363,1868,119,4
lusail,SOFTEST,Fixed effects,2,0.005699786055410159,0.013375652698183093,292,22,4
miami,HARDEST,Fixed effects,2,0.01806162096285376,0.0015901517312573675,2096,74,4
miami,MIDDLE,Fixed effects,2,0.024398887323641632,0.003077406397879597,1727,105,5
miami,SOFTEST,Fixed effects,2,0.03506594565430792,0.005788737238822435,336,30,5
monaco,HARDEST,Fixed effects,2,0.020556882437839968,0.0024160435511481485,3313,90,6
monaco,MIDDLE,Fixed effects,2,0.02014043886708025,0.0025714316338243193,2600,92,6
monaco,SOFTEST,Fixed effects,2,0.02089921104570122,0.0029349332126985418,1284,76,6
monza,HARDEST,Fixed effects,2,0.03093353067561464,0.0033588772764275732,1628,70,5
monza,MIDDLE,Fixed effects,2,0.029384662830311305,0.008581913582757526,2499,125,7
monza,SOFTEST,Fixed effects,2,0.04073916095214154,0.00906207559057929,1546,95,6
nurburgring,MIDDLE,Fixed effects,2,0.06504501540543606,0.006238330899624701,356,22,1
nurburgring,SOFTEST,Fixed effects,2,0.03208328041632928,0.009788723400449246,320,26,1
paul_ricard,HARDEST,Fixed effects,2,0.032276260370001794,0.0025139686216373255,1442,51,3
paul_ricard,MIDDLE,Fixed effects,2,0.03197421150086303,0.0035338805328708513,1366,74,4
paul_ricard,SOFTEST,Fixed effects,2,0.060114677650487516,0.0040307822755937936,571,36,4
portimao,HARDEST,Fixed effects,2,0.0035843703665716436,0.003199880314564716,765,25,2
portimao,MIDDLE,Fixed effects,2,0.0013303260203875234,0.0023751278506206923,1197,38,2
portimao,SOFTEST,Fixed effects,2,0.00036682404625093345,0.005983544221957277,338,20,2
red_bull_ring,HARDEST,Fixed effects,2,0.03349574097115175,0.0030452953712039954,5467,199,10
red_bull_ring,MIDDLE,Fixed effects,2,0.031817174690496414,0.0018843741848454318,4840,232,11
red_bull_ring,SOFTEST,Fixed effects,2,0.02760628964933363,0.009499755189028333,1624,96,10
rodriguez,HARDEST,Fixed effects,2,0.01917214509142884,0.003400184466133652,3585,111,7
rodriguez,MIDDLE,Fixed effects,2,0.02677237135708767,0.0051791722047298,3225,140,7
rodriguez,SOFTEST,Fixed effects,2,0.047311111349572055,0.00279514860846819,1104,58,7
shanghai,HARDEST,Fixed effects,2,0.03811270028275061,0.0026451923624510295,1503,74,4
shanghai,MIDDLE,Fixed effects,2,0.03665362241786529,0.0022042350371118866,1749,107,5
shanghai,SOFTEST,Fixed effects,2,0.034588240172992904,0.003269337368949254,500,49,5
silverstone,HARDEST,Fixed effects,2,0.03198310039892642,0.003912060861699067,2018,103,7
silverstone,MIDDLE,Fixed effects,2,0.027290331189672022,0.005491703159197008,2228,144,7
silverstone,SOFTEST,Fixed effects,2,0.01125362713544723,0.004990983364259489,878,74,7
singapore,HARDEST,Fixed effects,2,0.039901147591180845,0.0030349135539162824,2285,80,5
singapore,MIDDLE,Fixed effects,2,0.03287969919872142,0.002884522369240148,1951,83,5
singapore,SOFTEST,Fixed effects,2,0.03726682738473946,0.007524762755683377,724,48,5
sochi,HARDEST,Fixed effects,2,-0.00021464262747093396,0.0037291639612321375,1225,38,3
sochi,MIDDLE,Fixed effects,2,0.02154668478297063,0.003971473937078068,1283,66,4
sochi,SOFTEST,Fixed effects,2,0.029810140173755002,0.00890671724432883,720,48,4
spa,HARDEST,Fixed effects,2,0.05667266179584292,0.0037169537003614206,1442,78,6
spa,MIDDLE,Fixed effects,2,0.08828761055046148,0.0036401766492624578,1927,143,8
spa,SOFTEST,Fixed effects,2,0.0790728133333888,0.004438270967321306,1747,112,8
suzuka,HARDEST,Fixed effects,2,0.061279266951797334,0.002894295203944881,1466,62,4
suzuka,MIDDLE,Fixed effects,2,0.05471040178530656,0.0031515512841110965,1779,93,5
suzuka,SOFTEST,Fixed effects,2,0.07676440912455075,0.004732123099414659,1000,69,5
villeneuve,HARDEST,Fixed effects,2,0.013894364153719726,0.0014721005052289239,2415,69,4
villeneuve,MIDDLE,Fixed effects,2,0.015857300311486144,0.0013586297942960776,2927,125,6
villeneuve,SOFTEST,Fixed effects,2,0.021187115233119978,0.0028899779447597606,1018,80,6
yas_marina,HARDEST,Fixed effects,2,0.03133043243755279,0.0013943284257482954,4100,145,7
yas_marina,MIDDLE,Fixed effects,2,0.041883414842077894,0.0018069569062963595,2775,162,8
yas_marina,SOFTEST,Fixed effects,2,0.05846783205779062,0.005314188843475047,641,60,8
zandvoort,HARDEST,Fixed effects,2,0.03875986542202962,0.002088154559061251,1932,72,5
zandvoort,MIDDLE,Fixed effects,2,0.037977419720898575,0.0022118396420451503,1868,89,5
zandvoort,SOFTEST,Fixed effects,2,0.030460757442909336,0.0043528429470992835,1664,112,5
albert_park,HARDEST,IPCW-corrected,3,0.0334496749424207,0.002933933490979565,1728,78,4
albert_park,MIDDLE,IPCW-corrected,3,0.0003529537149267846,0.011947749197604553,1507,75,5
albert_park,SOFTEST,IPCW-corrected,3,0.01604182296177822,0.005499485593756062,841,65,5
bahrain,HARDEST,IPCW-corrected,3,0.1028593626547597,0.00569827149851538,1485,85,6
bahrain,MIDDLE,IPCW-corrected,3,0.107937060064447,0.00604721343104669,2612,155,7
bahrain,SOFTEST,IPCW-corrected,3,0.11029622888982214,0.010939999003511456,1992,189,7
bahrain_outer,HARDEST,IPCW-corrected,3,0.030234369477413345,,271,13,1
bahrain_outer,MIDDLE,IPCW-corrected,3,0.0238998643257051,,587,24,1
bahrain_outer,SOFTEST,IPCW-corrected,3,0.023954432489066143,,329,18,1
baku,HARDEST,IPCW-corrected,3,0.003821871409916424,0.013131884336707127,1877,80,4
baku,MIDDLE,IPCW-corrected,3,0.008458267969405978,0.003879651743994965,2330,113,7
baku,SOFTEST,IPCW-corrected,3,0.015146396546977754,0.005652406164025308,864,93,6
catalunya,HARDEST,IPCW-corrected,3,0.047170213438405106,0.01804784872515007,2152,98,8
catalunya,MIDDLE,IPCW-corrected,3,0.056707205031461344,0.0094646710290235,3901,193,9
catalunya,SOFTEST,IPCW-corrected,3,0.0653115075402549,0.011089089395066882,3549,247,9
cota,HARDEST,IPCW-corrected,3,0.04488423817164097,0.013674354843775528,2893,137,7
cota,MIDDLE,IPCW-corrected,3,0.05183311837463387,0.0088494769942651,2413,157,7
cota,SOFTEST,IPCW-corrected,3,0.0626531008302467,0.010289694503266207,720,43,6
hockenheim,HARDEST,IPCW-corrected,3,0.08351058462356023,,151,9,1
hockenheim,MIDDLE,IPCW-corrected,3,0.038288967589924616,,179,12,1
hockenheim,SOFTEST,IPCW-corrected,3,0.017669587625120803,,144,13,1
hungaroring,HARDEST,IPCW-corrected,3,0.045910358510467826,0.008492178205104096,4415,157,8
hungaroring,MIDDLE,IPCW-corrected,3,0.040015487062535895,0.005524692711539549,3781,174,8
hungaroring,SOFTEST,IPCW-corrected,3,0.049045965223711574,0.010259613823098026,1229,80,8
imola,HARDEST,IPCW-corrected,3,0.034652038905726906,0.02308057090789949,1097,35,3
imola,MIDDLE,IPCW-corrected,3,0.025051986704382797,0.015572187239154349,2121,91,4
imola,SOFTEST,IPCW-corrected,3,0.025914507543216097,0.007534200835808425,505,47,4
interlagos,HARDEST,IPCW-corrected,3,0.025445879103697732,0.0015775388667632405,1298,52,5
interlagos,MIDDLE,IPCW-corrected,3,0.04328050182912969,0.0030724859759770594,2492,141,5
interlagos,SOFTEST,IPCW-corrected,3,0.0399268149220651,0.006626483889475187,1494,98,5
jeddah,HARDEST,IPCW-corrected,3,0.002517959028824859,0.015519919436918413,1280,48,3
jeddah,MIDDLE,IPCW-corrected,3,0.021575642498756716,0.012492625425867564,1731,98,5
jeddah,SOFTEST,IPCW-corrected,3,0.017311817220074067,0.004977518405463603,544,43,5
las_vegas,HARDEST,IPCW-corrected,3,0.053813297982197264,0.02914446225577803,1156,65,2
las_vegas,MIDDLE,IPCW-corrected,3,0.024419852103498296,0.004848067228782588,843,54,3
las_vegas,SOFTEST,IPCW-corrected,3,0.044454897709802474,0.0007758928985901137,243,17,3
lusail,HARDEST,IPCW-corrected,3,0.014032810815559436,0.012125305192420586,1170,73,4
lusail,MIDDLE,IPCW-corrected,3,-0.0007487966262774197,0.008620351586743276,1868,119,4
lusail,SOFTEST,IPCW-corrected,3,0.033649778703200926,0.01603461375974516,292,22,4
miami,HARDEST,IPCW-corrected,3,0.01760689879039558,0.006938519237842733,2096,74,4
miami,MIDDLE,IPCW-corrected,3,0.027184847920161383,0.00811377712752413,1727,105,5
miami,SOFTEST,IPCW-corrected,3,0.0405990356684722,0.008357882139403416,336,30,5
monaco,HARDEST,IPCW-corrected,3,0.009167667106041106,0.006243837802307493,3313,90,6
monaco,MIDDLE,IPCW-corrected,3,0.011030799580317958,0.004431048082408814,2600,92,6
monaco,SOFTEST,IPCW-corrected,3,0.012073533850863332,0.011092180424777037,1284,76,6
monza,HARDEST,IPCW-corrected,3,0.02602703056871912,0.010875877416203408,1628,70,5
monza,MIDDLE,IPCW-corrected,3,0.030561604759227052,0.006223343403205018,2499,125,7
monza,SOFTEST,IPCW-corrected,3,0.045169938395032444,0.008143644367790201,1546,95,6
nurburgring,MIDDLE,IPCW-corrected,3,0.07181491324023274,,356,22,1
nurburgring,SOFTEST,IPCW-corrected,3,0.046780571680567117,,320,26,1
paul_ricard,HARDEST,IPCW-corrected,3,0.0368184190256656,0.011834149757348353,1442,51,3
paul_ricard,MIDDLE,IPCW-corrected,3,0.03035857753192129,0.009678465419886153,1366,74,4
paul_ricard,SOFTEST,IPCW-corrected,3,0.06221314016614374,0.0008454123400004137,571,36,4
portimao,HARDEST,IPCW-corrected,3,0.0040037200463834835,0.001264942248359267,765,25,2
portimao,MIDDLE,IPCW-corrected,3,0.0028420322895598917,0.004639001975046669,1197,38,2
portimao,SOFTEST,IPCW-corrected,3,0.0009325450093570415,0.008508184303999668,338,20,2
red_bull_ring,HARDEST,IPCW-corrected,3,0.03069355521107992,0.008424233201023076,5467,199,10
red_bull_ring,MIDDLE,IPCW-corrected,3,0.026525270312107423,0.005027841055713324,4840,232,11
red_bull_ring,SOFTEST,IPCW-corrected,3,0.03549595434478738,0.015912738375260135,1624,96,10
rodriguez,HARDEST,IPCW-corrected,3,0.021157124978861252,0.004373194014170975,3585,111,7
rodriguez,MIDDLE,IPCW-corrected,3,0.0251070611856933,0.004443892795618211,3225,140,7
rodriguez,SOFTEST,IPCW-corrected,3,0.04621193054996808,0.006971047773042402,1104,58,7
shanghai,HARDEST,IPCW-corrected,3,0.03321447067843846,0.01891355235534845,1503,74,4
shanghai,MIDDLE,IPCW-corrected,3,0.01535390192942017,0.01162069222746631,1749,107,5
shanghai,SOFTEST,IPCW-corrected,3,0.015417300733701676,0.007907800927248515,500,49,5
silverstone,HARDEST,IPCW-corrected,3,0.03634946079490076,0.013791491946061666,2018,103,7
silverstone,MIDDLE,IPCW-corrected,3,0.03540276964335839,0.00933387162938263,2228,144,7
silverstone,SOFTEST,IPCW-corrected,3,0.017116102817460958,0.005666982477863117,878,74,7
singapore,HARDEST,IPCW-corrected,3,0.041133040414689036,0.006193573604153822,2285,80,5
singapore,MIDDLE,IPCW-corrected,3,0.034260122527040346,0.014516556046554522,1951,83,5
singapore,SOFTEST,IPCW-corrected,3,0.04199804178955856,0.011193348141875755,724,48,5
sochi,HARDEST,IPCW-corrected,3,0.005358254618981485,0.01029161297426114,1225,38,3
sochi,MIDDLE,IPCW-corrected,3,0.02296055177049493,0.007490799001492492,1283,66,4
sochi,SOFTEST,IPCW-corrected,3,0.03863219064086445,0.014368830799806376,720,48,4
spa,HARDEST,IPCW-corrected,3,0.055522973717291,0.013185994650283526,1442,78,6
spa,MIDDLE,IPCW-corrected,3,0.08487750990789106,0.008969406332050374,1927,143,8
spa,SOFTEST,IPCW-corrected,3,0.08765501619922031,0.015440630062188604,1747,112,8
suzuka,HARDEST,IPCW-corrected,3,0.05735210439555327,0.016708358426073506,1466,62,4
suzuka,MIDDLE,IPCW-corrected,3,0.05827180257398449,0.009031970454946876,1779,93,5
suzuka,SOFTEST,IPCW-corrected,3,0.07582087876114461,0.019682998412871505,1000,69,5
villeneuve,HARDEST,IPCW-corrected,3,0.018834369479697785,0.00806909577015257,2415,69,4
villeneuve,MIDDLE,IPCW-corrected,3,0.02125938690085142,0.004752231635513226,2927,125,6
villeneuve,SOFTEST,IPCW-corrected,3,0.022765939567027976,0.007431441082477233,1018,80,6
yas_marina,HARDEST,IPCW-corrected,3,0.029169438206594574,0.0063381927003038,4100,145,7
yas_marina,MIDDLE,IPCW-corrected,3,0.03858856376778737,0.009491483409964255,2775,162,8
yas_marina,SOFTEST,IPCW-corrected,3,0.0754727157458084,0.009453267352338257,641,60,8
zandvoort,HARDEST,IPCW-corrected,3,0.03459745574488192,0.004973233005277177,1932,72,5
zandvoort,MIDDLE,IPCW-corrected,3,0.04204679226110408,0.0033802490615229865,1868,89,5
zandvoort,SOFTEST,IPCW-corrected,3,0.03769513243289108,0.004316600110709025,1664,112,5
albert_park,HARDEST,Pooled (simulator),4,0.03321298503697861,0.002933933490979565,1728,78,4
albert_park,MIDDLE,Pooled (simulator),4,0.007056130109093586,0.011947749197604553,1507,75,5
albert_park,SOFTEST,Pooled (simulator),4,0.017925638370048187,0.005499485593756062,841,65,5
bahrain,HARDEST,Pooled (simulator),4,0.09791228071392126,0.00569827149851538,1485,85,6
bahrain,MIDDLE,Pooled (simulator),4,0.10289093949625153,0.00604721343104669,2612,155,7
bahrain,SOFTEST,Pooled (simulator),4,0.09902027693575,0.010939999003511456,1992,189,7
bahrain_outer,HARDEST,Pooled (simulator),4,0.030234369477413345,,271,13,1
bahrain_outer,MIDDLE,Pooled (simulator),4,0.0238998643257051,,587,24,1
bahrain_outer,SOFTEST,Pooled (simulator),4,0.023954432489066143,,329,18,1
baku,HARDEST,Pooled (simulator),4,0.007603084314083361,0.013131884336707127,1877,80,4
baku,MIDDLE,Pooled (simulator),4,0.009105533370930143,0.003879651743994965,2330,113,7
baku,SOFTEST,Pooled (simulator),4,0.017182267596819505,0.005652406164025308,864,93,6
catalunya,HARDEST,Pooled (simulator),4,0.03628365236844702,0.01804784872515007,2152,98,8
catalunya,MIDDLE,Pooled (simulator),4,0.05297532820691357,0.0094646710290235,3901,193,9
catalunya,SOFTEST,Pooled (simulator),4,0.06241334264290073,0.011089089395066882,3549,247,9
cota,HARDEST,Pooled (simulator),4,0.03801121162787453,0.013674354843775528,2893,137,7
cota,MIDDLE,Pooled (simulator),4,0.0491489112167077,0.0088494769942651,2413,157,7
cota,SOFTEST,Pooled (simulator),4,0.060540416747397324,0.010289694503266207,720,43,6
hockenheim,HARDEST,Pooled (simulator),4,0.08351058462356023,,151,9,1
hockenheim,MIDDLE,Pooled (simulator),4,0.038288967589924616,,179,12,1
hockenheim,SOFTEST,Pooled (simulator),4,0.017669587625120803,,144,13,1
hungaroring,HARDEST,Pooled (simulator),4,0.04261837918959657,0.008492178205104096,4415,157,8
hungaroring,MIDDLE,Pooled (simulator),4,0.039535588908601274,0.005524692711539549,3781,174,8
hungaroring,SOFTEST,Pooled (simulator),4,0.049240948289686726,0.010259613823098026,1229,80,8
imola,HARDEST,Pooled (simulator),4,0.02669999296694685,0.02308057090789949,1097,35,3
imola,MIDDLE,Pooled (simulator),4,0.027071979203355457,0.015572187239154349,2121,91,4
imola,SOFTEST,Pooled (simulator),4,0.02831232313946572,0.007534200835808425,505,47,4
interlagos,HARDEST,Pooled (simulator),4,0.025414902116994723,0.0015775388667632405,1298,52,5
interlagos,MIDDLE,Pooled (simulator),4,0.04306772574722303,0.0030724859759770594,2492,141,5
interlagos,SOFTEST,Pooled (simulator),4,0.04072942646938396,0.006626483889475187,1494,98,5
jeddah,HARDEST,Pooled (simulator),4,0.007737132020864365,0.015519919436918413,1280,48,3
jeddah,MIDDLE,Pooled (simulator),4,0.02384700075146183,0.012492625425867564,1731,98,5
jeddah,SOFTEST,Pooled (simulator),4,0.018812600357000595,0.004977518405463603,544,43,5
las_vegas,HARDEST,Pooled (simulator),4,0.03216900243688857,0.02914446225577803,1156,65,2
las_vegas,MIDDLE,Pooled (simulator),4,0.024722223315299698,0.004848067228782588,843,54,3
las_vegas,SOFTEST,Pooled (simulator),4,0.04446156553189207,0.0007758928985901137,243,17,3
lusail,HARDEST,Pooled (simulator),4,0.015122933536394625,0.012125305192420586,1170,73,4
lusail,MIDDLE,Pooled (simulator),4,0.003281919609308636,0.008620351586743276,1868,119,4
lusail,SOFTEST,Pooled (simulator),4,0.0391386464002832,0.01603461375974516,292,22,4
miami,HARDEST,Pooled (simulator),4,0.017722351972685062,0.006938519237842733,2096,74,4
miami,MIDDLE,Pooled (simulator),4,0.027658704046359187,0.00811377712752413,1727,105,5
miami,SOFTEST,Pooled (simulator),4,0.04173967143872963,0.008357882139403416,336,30,5
monaco,HARDEST,Pooled (simulator),4,0.009853206662001129,0.006243837802307493,3313,90,6
monaco,MIDDLE,Pooled (simulator),4,0.011774012996932481,0.004431048082408814,2600,92,6
monaco,SOFTEST,Pooled (simulator),4,0.01938947242386366,0.011092180424777037,1284,76,6
monza,HARDEST,Pooled (simulator),4,0.02471456101283019,0.010875877416203408,1628,70,5
monza,MIDDLE,Pooled (simulator),4,0.03061910532920897,0.006223343403205018,2499,125,7
monza,SOFTEST,Pooled (simulator),4,0.04574076311969085,0.008143644367790201,1546,95,6
nurburgring,MIDDLE,Pooled (simulator),4,0.07181491324023274,,356,22,1
nurburgring,SOFTEST,Pooled (simulator),4,0.046780571680567117,,320,26,1
paul_ricard,HARDEST,Pooled (simulator),4,0.03301980818863563,0.011834149757348353,1442,51,3
paul_ricard,MIDDLE,Pooled (simulator),4,0.03051624369082528,0.009678465419886153,1366,74,4
paul_ricard,SOFTEST,Pooled (simulator),4,0.062196594228045764,0.0008454123400004137,571,36,4
portimao,HARDEST,Pooled (simulator),4,0.004049777153034895,0.001264942248359267,765,25,2
portimao,MIDDLE,Pooled (simulator),4,0.003980323741868699,0.004639001975046669,1197,38,2
portimao,SOFTEST,Pooled (simulator),4,0.006971694380646938,0.008508184303999668,338,20,2
red_bull_ring,HARDEST,Pooled (simulator),4,0.02928073544690615,0.008424233201023076,5467,199,10
red_bull_ring,MIDDLE,Pooled (simulator),4,0.026751484048516218,0.005027841055713324,4840,232,11
red_bull_ring,SOFTEST,Pooled (simulator),4,0.04032296111720593,0.015912738375260135,1624,96,10
rodriguez,HARDEST,Pooled (simulator),4,0.021079097255626903,0.004373194014170975,3585,111,7
rodriguez,MIDDLE,Pooled (simulator),4,0.025337662554959374,0.004443892795618211,3225,140,7
rodriguez,SOFTEST,Pooled (simulator),4,0.046553942933219454,0.006971047773042402,1104,58,7
shanghai,HARDEST,Pooled (simulator),4,0.027394872004329433,0.01891355235534845,1503,74,4
shanghai,MIDDLE,Pooled (simulator),4,0.018668759325112146,0.01162069222746631,1749,107,5
shanghai,SOFTEST,Pooled (simulator),4,0.019162963578372272,0.007907800927248515,500,49,5
silverstone,HARDEST,Pooled (simulator),4,0.031681589096833565,0.013791491946061666,2018,103,7
silverstone,MIDDLE,Pooled (simulator),4,0.03482497478329075,0.00933387162938263,2228,144,7
silverstone,SOFTEST,Pooled (simulator),4,0.019046922153246,0.005666982477863117,878,74,7
singapore,HARDEST,Pooled (simulator),4,0.039605055114546595,0.006193573604153822,2285,80,5
singapore,MIDDLE,Pooled (simulator),4,0.03342989275519076,0.014516556046554522,1951,83,5
singapore,SOFTEST,Pooled (simulator),4,0.04359523176773233,0.011193348141875755,724,48,5
sochi,HARDEST,Pooled (simulator),4,0.0076675204340573445,0.01029161297426114,1225,38,3
sochi,MIDDLE,Pooled (simulator),4,0.02378401916910846,0.007490799001492492,1283,66,4
sochi,SOFTEST,Pooled (simulator),4,0.04192832304410801,0.014368830799806376,720,48,4
spa,HARDEST,Pooled (simulator),4,0.04633806388421166,0.013185994650283526,1442,78,6
spa,MIDDLE,Pooled (simulator),4,0.0776889904432978,0.008969406332050374,1927,143,8
spa,SOFTEST,Pooled (simulator),4,0.07585255542292477,0.015440630062188604,1747,112,8
suzuka,HARDEST,Pooled (simulator),4,0.04391181992885003,0.016708358426073506,1466,62,4
suzuka,MIDDLE,Pooled (simulator),4,0.05461518502331603,0.009031970454946876,1779,93,5
suzuka,SOFTEST,Pooled (simulator),4,0.06486039412373544,0.019682998412871505,1000,69,5
villeneuve,HARDEST,Pooled (simulator),4,0.01884895095337822,0.00806909577015257,2415,69,4
villeneuve,MIDDLE,Pooled (simulator),4,0.021682407279740162,0.004752231635513226,2927,125,6
villeneuve,SOFTEST,Pooled (simulator),4,0.02540830093236907,0.007431441082477233,1018,80,6
yas_marina,HARDEST,Pooled (simulator),4,0.028435233153044744,0.0063381927003038,4100,145,7
yas_marina,MIDDLE,Pooled (simulator),4,0.03752216389381117,0.009491483409964255,2775,162,8
yas_marina,SOFTEST,Pooled (simulator),4,0.0717554014539537,0.009453267352338257,641,60,8
zandvoort,HARDEST,Pooled (simulator),4,0.03388529070529919,0.004973233005277177,1932,72,5
zandvoort,MIDDLE,Pooled (simulator),4,0.04181683780746878,0.0033802490615229865,1868,89,5
zandvoort,SOFTEST,Pooled (simulator),4,0.038129216565012856,0.004316600110709025,1664,112,5
