circuit_key,circuit,short_name,lap_km,drs_zones,circuit_type,pass_chance_per_lap,pass_chance_lo,pass_chance_hi,cost_of_being_stuck_s,cost_lo_s,cost_hi_s,at_ceiling,pit_loss_s,pit_loss_se_s,expected_cautions_per_race,opportunities,passes
albert_park,Albert Park,Melbourne,5.278,4,Street,0.1040154092232763,0.05826751923240323,0.18217264602383407,4.806980078564275,2.744684710149738,8.581417513637863,False,22.904645049024325,0.5806113504543242,1.2593061899500773,2159,122
bahrain,Bahrain International,Bahrain,5.412,3,Permanent,0.31846305216896775,0.18597052826301627,0.41618734681589287,1.5700408464800926,1.2013874060572762,2.6886159435826475,False,24.462882068103287,0.2022132798558956,1.1263225728412445,2246,267
bahrain_outer,Bahrain Outer Loop,Sakhir Outer,3.543,2,Permanent,,,,,,,,23.52015892810138,0.5039163379306375,1.7521599967478,588,28
baku,Baku City,Baku,6.003,2,Street,0.1076018404198421,0.0643967170274782,0.19249513018148534,4.646760669232926,2.5975219363763737,7.76437098940083,False,23.330839638880366,0.42762276043698866,1.1622334388331599,2007,146
catalunya,Barcelona-Catalunya,Barcelona,4.657,2,Permanent,0.25018069314238073,0.14187363190964025,0.3512729368315929,1.9985554989067211,1.4234168313850795,3.524537335769171,False,23.49063213467915,0.17859262064389936,1.130196281536654,3241,284
cota,Circuit of the Americas,Austin,5.513,2,Permanent,0.34647953919237745,0.19990914111192423,0.4767943212343469,1.4430866571961776,1.0486705204878162,2.501159371487816,False,21.326163429048574,0.2336359715750048,1.0360602472604463,1914,219
hockenheim,Hockenheimring,Hockenheim,4.574,3,Permanent,0.3820367541951001,0.17962196397356653,0.4974723308363015,1.3087745995890698,1.0050826662081707,2.783719997622545,False,23.421532388718518,,1.311402949684455,370,45
hungaroring,Hungaroring,Budapest,4.381,2,Permanent,0.13526110093645408,0.07436831650578238,0.20942772608722787,3.6965542682881236,2.3875920337791112,6.723297118349307,False,21.873451040728046,0.20097041197722187,1.1390661939165856,3467,252
imola,Imola,Imola,4.909,1,Permanent,0.12367303030583553,0.07369837507234453,0.19837399158276695,4.042918644133906,2.520551859044854,6.785446263750783,False,28.427160781537886,0.5381494325449511,1.2759317052756787,1948,113
interlagos,Interlagos,São Paulo,4.309,2,Permanent,0.1340308184960899,0.08708137206764689,0.20897571865776052,3.7304853138279284,2.3926588720086226,5.741756422723132,False,22.012148528930204,0.2075100632257664,1.4992249291680453,2648,249
istanbul,Istanbul Park,Istanbul,5.338,2,Permanent,,,,,,,,,,1.0796913340575474,448,39
jeddah,Jeddah Corniche,Jeddah,6.174,3,Street,0.1244149111821951,0.07376579574906482,0.23089289973903118,4.018810890503248,2.1655459771889665,6.781261210183596,False,21.859358624033746,0.916803186434162,1.0270367119819008,1634,129
las_vegas,Las Vegas Strip,Las Vegas,6.201,2,Street,0.22248273837661106,0.10870663176951577,0.32120591351885186,2.2473653625820504,1.55663385833993,4.599539524096982,False,23.58240875135603,0.5209651450336993,1.0096889294116194,1016,122
lusail,Lusail International,Lusail,5.419,1,Permanent,0.16394605533630968,0.07030105663084359,0.2501313117884875,3.049783655814885,1.999247920585453,7.112673241613422,False,27.334545608957303,0.4599681074941779,1.168072325618912,1447,97
miami,Miami International,Miami,5.412,3,Street,0.1633776099478839,0.0989499608017912,0.2563830389076695,3.060394873933435,1.9502091088612847,5.053254077902284,False,20.556655320857722,0.4575323093696371,1.156698836223413,1956,158
monaco,Monte Carlo,Monaco,3.337,1,Street,0.016436005853671994,0.011556264139658778,0.07581876081694454,12.5,6.595988232187706,12.5,True,20.298852402679636,0.36555430032654784,1.3962701048045532,3956,30
monza,Monza,Monza,5.793,2,Permanent,0.204456662636767,0.11988378302030232,0.2938542303266453,2.4455060233878925,1.7015239168666343,4.1707862939309415,False,25.735004147251136,0.32384252027628696,1.0860475133757013,2978,254
mugello,Mugello,Mugello,5.245,1,Permanent,,,,,,,,25.04834548576128,1.1145062158364507,1.1879563409056924,214,23
nurburgring,Nurburgring GP,Nürburgring,5.148,2,Permanent,,,,,,,,24.227143972922658,0.6770181001261971,1.2018257179860667,318,19
paul_ricard,Paul Ricard,Le Castellet,5.842,2,Permanent,0.26577765649828033,0.11298810139355601,0.3917067825155501,1.8812717614704197,1.2764711125194763,4.425956747843151,False,24.402952624699676,0.3297865436621141,1.0699853836088327,1286,123
portimao,Algarve,Portimão,4.653,2,Permanent,0.20978434742780452,0.1270918776465613,0.2941955680403188,2.383399934888234,1.699554765456322,3.9341617732548664,False,27.657551868062143,0.6484753000715806,1.1990969460014356,847,75
red_bull_ring,Red Bull Ring,Spielberg,4.318,3,Permanent,0.21043901101034962,0.1341624947702462,0.294780017835377,2.375985315647627,1.6961915443849986,3.727027752449006,False,21.471472891183662,0.31646368409146197,1.3145589265657154,4599,356
rodriguez,Hermanos Rodriguez,Mexico City,4.304,3,Permanent,0.2035603985229968,0.11023084111948193,0.29362273462317806,2.4562734383894105,1.7028661691616236,4.535939013921041,False,23.238343792011545,0.3034344612491888,1.4478659437841288,2535,216
shanghai,Shanghai International,Shanghai,5.451,2,Permanent,0.26128178789605133,0.16358101706644745,0.34420334308419137,1.913642753389764,1.4527366640122126,3.0567415639501596,False,24.393905017650795,0.5683059755745993,1.0857182121016853,1317,138
silverstone,Silverstone,Silverstone,5.891,2,Permanent,0.18590336614880182,0.10509975067331669,0.27708997173861616,2.689569373368889,1.804527008564234,4.757401769679106,False,20.152984774486463,0.399537930141075,1.0916707201094142,3142,189
singapore,Marina Bay,Singapore,4.94,3,Street,0.12007478376775244,0.07341638565683263,0.18838032196156068,4.164071625288916,2.6542233523362544,6.811455826458183,False,27.433965522125543,0.4892162665743388,1.2435089213573287,2377,105
sochi,Sochi Autodrom,Sochi,5.848,2,Street,0.27306144937587085,0.15860923003907196,0.3794533164788007,1.8310896728294546,1.3176864735810638,3.1525362715863805,False,26.19305726442019,0.36571883388239124,1.058805402353977,1192,104
spa,Spa-Francorchamps,Spa,7.004,2,Permanent,0.2759466387250355,0.17603203432451064,0.3765713230282062,1.8119445205426852,1.3277713191920881,2.8403935605846504,False,19.181660660761196,0.22413509386277297,0.7952528030373874,2163,246
suzuka,Suzuka,Suzuka,5.807,1,Permanent,0.1962847027664366,0.11849884528512643,0.27960044298650805,2.5473202595668436,1.7882667843082716,4.219484008347551,False,23.22292727849,0.417788892877285,0.9623656246637824,2244,198
villeneuve,Gilles Villeneuve,Montréal,4.361,2,Permanent,0.09158955841133593,0.05272089613980205,0.16636106975834447,5.459137577172942,3.0058071779701616,9.486227349024777,False,19.985699654686467,0.2841970209708972,1.4470766063824299,2861,161
yas_marina,Yas Marina,Abu Dhabi,5.281,2,Permanent,0.2803468277835112,0.14662644669006292,0.3873162964929528,1.7835051102704427,1.2909410973552322,3.410048821299224,False,23.08329286506294,0.25844036641058304,1.04135843478375,2809,278
zandvoort,Zandvoort,Zandvoort,4.259,2,Permanent,0.0797830385151773,0.05239427838820134,0.1456538354286848,6.266996210038853,3.4328199682256284,9.543030195946976,False,22.237761535062194,0.3747581010614485,1.466497438287532,2719,192
